{
  "statistics": {
    "economic_losses": {
      "mean": 28044055291.435196,
      "median": 32998911440.054073,
      "std": 15321234004.649889,
      "var": 2.3474021142524006e+20,
      "min": 4156668112.097851,
      "max": 43369537726.27766,
      "percentiles": {
        "1": 4164596910.641445,
        "5": 4196312104.8158226,
        "10": 4605668705.771038,
        "25": 14236198055.999628,
        "50": 32998911440.054073,
        "75": 41588490002.27255,
        "90": 43227913851.1019,
        "95": 43249090777.15983,
        "99": 43345448336.454094
      },
      "skewness": -0.556331496822382,
      "kurtosis": -1.306844951947276,
      "confidence_interval": "(20659456882.29847, 35428653700.57192)",
      "sample_size": "19"
    }
  },
  "risk_metrics": {
    "risk_score": 60.569686227177826,
    "risk_level": {
      "_value_": "High",
      "_name_": "HIGH",
      "__objclass__": "{'_generate_next_value_': <function Enum._generate_next_value_ at 0x104af2710>, '__module__': 'analysis.risk_assessment', '__doc__': 'Risk level categories.', '_member_names_': ['CRITICAL', 'HIGH', 'MODERATE', 'LOW', 'MINIMAL'], '_member_map_': {'CRITICAL': <RiskLevel.CRITICAL: 'Critical'>, 'HIGH': <RiskLevel.HIGH: 'High'>, 'MODERATE': <RiskLevel.MODERATE: 'Moderate'>, 'LOW': <RiskLevel.LOW: 'Low'>, 'MINIMAL': <RiskLevel.MINIMAL: 'Minimal'>}, '_member_type_': <class 'object'>, '_value2member_map_': {'Critical': <RiskLevel.CRITICAL: 'Critical'>, 'High': <RiskLevel.HIGH: 'High'>, 'Moderate': <RiskLevel.MODERATE: 'Moderate'>, 'Low': <RiskLevel.LOW: 'Low'>, 'Minimal': <RiskLevel.MINIMAL: 'Minimal'>}, 'CRITICAL': <RiskLevel.CRITICAL: 'Critical'>, 'HIGH': <RiskLevel.HIGH: 'High'>, 'MODERATE': <RiskLevel.MODERATE: 'Moderate'>, 'LOW': <RiskLevel.LOW: 'Low'>, 'MINIMAL': <RiskLevel.MINIMAL: 'Minimal'>, '__new__': <function Enum.__new__ at 0x104af2680>}"
    },
    "probability": 0.8211403496596712,
    "impact": "0.3311061918324899",
    "time_horizon": "4.052631578947285",
    "confidence": "0.85"
  },
  "raw_data": {
    "crqc_years": [],
    "economic_losses": [
      43201285006.97891,
      21887085851.685966,
      39610383200.765144,
      43235707782.8134,
      6585310260.313289,
      5220138116.984325,
      43369537726.27766,
      39562930131.79297,
      4706906633.989898,
      29264446959.289658,
      4200716992.8955975,
      39664270109.326805,
      4156668112.097851,
      25928389447.46076,
      43192057825.10928,
      22841417391.823364,
      32998911440.054073,
      39984922179.43582,
      43225965368.17402
    ],
    "attack_success_rates": []
  }
}